<annotation>
	<folder>önder</folder>
	<filename>IMG-20200827-WA0158.jpg</filename>
	<path>C:\Users\ÖNDER\Desktop\önder\IMG-20200827-WA0158.jpg</path>
	<source>
		<database>Unknown</database>
	</source>
	<size>
		<width>300</width>
		<height>300</height>
		<depth>3</depth>
	</size>
	<segmented>0</segmented>
	<object>
		<name>circle</name>
		<pose>Unspecified</pose>
		<truncated>0</truncated>
		<difficult>0</difficult>
		<bndbox>
			<xmin>147</xmin>
			<ymin>58</ymin>
			<xmax>213</xmax>
			<ymax>167</ymax>
		</bndbox>
	</object>
</annotation>
